{
    "explicit":0,
    "danceability":0.734000027179718,
    "energy":0.6370000243186951,
    "key":0.3636400103569031,
    "loudness":0.7089999914169312,
    "mode":0,
    "speechiness":0.458050012588501,
    "acousticness":0.046390000730752945,
    "instrumentalness":0.000019999999494757503,
    "liveness":0.11315999925136566,
    "valence":0.6480000019073486,
    "tempo":0.6988800168037415,
    "duration_ms":0.33647000789642334,
    "time_signature":1,
    "year":0.8913000226020813
}